,Suburb,Schools
0,ABBOTSFORD,1
1,ABERFELDIE,2
2,AIRPORT WEST,1
3,ALBION,1
4,ALEXANDRA,1
5,ALFREDTON,1
6,ALPHINGTON,2
7,ALTONA,2
8,ALTONA MEADOWS,1
9,ALTONA NORTH,2
10,ARARAT,2
11,ARDEER,1
12,ARMADALE,2
13,ARMSTRONG CREEK,2
14,ASCOT VALE,1
15,ASHBURTON,1
16,ASHWOOD,1
17,ASPENDALE,1
18,AVONDALE HEIGHTS,1
19,Abbotsford,1
20,Aintree,1
21,Aireys Inlet,1
22,Airly,1
23,Albanvale,1
24,Albert Park,3
25,Alberton,1
26,Albion,1
27,Alexandra,2
28,Alfredton,1
29,Allansford,1
30,Alphington,1
31,Altona,2
32,Altona Meadows,2
33,Altona North,1
34,Alvie,1
35,Amphitheatre,1
36,Anakie,1
37,Anglesea,1
38,Apollo Bay,1
39,Apsley,1
40,Ararat,4
41,Ardeer,1
42,Ardmona,1
43,Armadale,1
44,Armstrong Creek,2
45,Arthurs Creek,1
46,Ascot Vale,3
47,Ashburton,2
48,Ashwood,3
49,Aspendale,2
50,Aspendale Gardens,1
51,Avenel,1
52,Avoca,1
53,Avondale Heights,1
54,Axe Creek,1
55,Axedale,1
56,BACCHUS MARSH,2
57,BAIRNSDALE,4
58,BALLAN,1
59,BALLARAT,4
60,BALLARAT EAST,2
61,BALLARAT NORTH,1
62,BALWYN,2
63,BALWYN NORTH,2
64,BANGHOLME,1
65,BANNOCKBURN,1
66,BARANDUDA,1
67,BASIN,1
68,BAYSWATER,1
69,BEACONSFIELD,1
70,BEACONSFIELD UPPER,1
71,BEAUMARIS,1
72,BEECHWORTH,2
73,BELGRAVE,2
74,BELGRAVE HEIGHTS,1
75,BELL PARK,1
76,BELL POST HILL,2
77,BELMONT,1
78,BENALLA,4
79,BENDIGO,5
80,BENDIGO NORTH,1
81,BENNETTSWOOD,1
82,BENTLEIGH,2
83,BENTLEIGH EAST,1
84,BERWICK,3
85,BLACK ROCK,1
86,BLACKBURN,1
87,BLACKBURN NORTH,1
88,BLACKBURN SOUTH,1
89,BORONIA,1
90,BOX HILL,3
91,BOX HILL NORTH,1
92,BRAYBROOK,2
93,BRIGHTON,5
94,BRIGHTON EAST,2
95,BROADMEADOWS,4
96,BROOKLYN,1
97,BRUNSWICK EAST,1
98,BRUNSWICK NORTH,1
99,BRUNSWICK WEST,1
100,BULLEEN,2
101,BUNDOORA,3
102,BUNYIP,1
103,BURWOOD,2
104,Bacchus Marsh,3
105,Bairnsdale,4
106,Ballan,1
107,Ballarat,7
108,Ballarat East,2
109,Balliang East,1
110,Balmoral,1
111,Balnarring,1
112,Balwyn,2
113,Balwyn North,5
114,Bandiana,1
115,Bannockburn,1
116,Baranduda,1
117,Barnawartha,1
118,Barwon Heads,1
119,Baxter,1
120,Bayles,1
121,Bayswater,4
122,Bayswater North,1
123,Beaconsfield,1
124,Bealiba,1
125,Beaufort,2
126,Beaumaris,3
127,Beeac,1
128,Beechworth,2
129,Belgrave South,1
130,Bell Park,2
131,Bell Post Hill,1
132,Bellbrae,1
133,Bellfield,1
134,Belmont,6
135,Benalla,1
136,Bendigo,8
137,Bentleigh,2
138,Bentleigh East,4
139,Berwick,9
140,Bethanga,1
141,Beulah,1
142,Beverford,1
143,Beveridge,1
144,Big Hill,1
145,Birchip,1
146,Birregurra,1
147,Bittern,1
148,Black Rock,1
149,Blackburn,4
150,Blackburn North,2
151,Blackburn South,2
152,Blowhard,1
153,Bogong,1
154,Boisdale,1
155,Bolinda,1
156,Bolwarra,1
157,Bona Vista,1
158,Bonbeach,1
159,Boneo,1
160,Boolarra,1
161,Boort,1
162,Boronia,4
163,Botanic Ridge,1
164,Box Hill,1
165,Box Hill North,2
166,Box Hill South,1
167,Branxholme,1
168,Braybrook,4
169,Briagolong,1
170,Briar Hill,2
171,Bridgewater On Loddon,1
172,Bright,1
173,Brighton,3
174,Brighton East,2
175,Broadford,2
176,Broadmeadows,6
177,Broken Creek,1
178,Brown Hill,1
179,Brunswick,2
180,Brunswick East,2
181,Brunswick West,3
182,Bruthen,1
183,Buangor,1
184,Buchan,1
185,Bullarto,1
186,Bulleen,1
187,Buln Buln,1
188,Bundalaguah,1
189,Bundoora,4
190,Bungaree,1
191,Buninyong,1
192,Bunyip,1
193,Burnside,1
194,Burnside Heights,1
195,Burwood,1
196,Burwood East,5
197,Buxton,1
198,CAMBERWELL,1
199,CAMBERWELL EAST,1
200,CAMPBELLS CREEK,1
201,CAMPERDOWN,2
202,CANTERBURY,3
203,CAROLINE SPRINGS,4
204,CARRUM DOWNS,1
205,CASTERTON,1
206,CASTLEMAINE,1
207,CAULFIELD,1
208,CAULFIELD SOUTH,2
209,CERES,1
210,CHADSTONE,2
211,CHARLEMONT,1
212,CHARLTON,1
213,CHELSEA,1
214,CHELTENHAM,1
215,CHILTERN,1
216,CHIRNSIDE PARK,1
217,CHURCHILL,1
218,CLARINDA,1
219,CLARKES HILL,1
220,CLAYTON,1
221,CLAYTON SOUTH,2
222,CLIFTON HILL,1
223,CLYDE NORTH,3
224,COBRAM,2
225,COBURG,3
226,COBURG EAST,1
227,COHUNA,1
228,COLAC,2
229,COLDSTREAM,1
230,COLERAINE,1
231,COLLINGWOOD,1
232,CONCONGELLA,1
233,COOLAROO,1
234,CORAGULAC,1
235,CORIO,2
236,CORRYONG,1
237,COTTLES BRIDGE,1
238,COWES,1
239,CRAIGIEBURN,1
240,CRAIGIEBURN WEST,1
241,CRANBOURNE,3
242,CRANBOURNE EAST,2
243,CRESWICK,1
244,CRIB POINT,1
245,CROYDON,1
246,CROYDON HILLS,2
247,CROYDON NORTH,1
248,Cabarita,1
249,Cairnlea,2
250,California Gully,1
251,Camberwell,2
252,Campbellfield,1
253,Campbells Creek,1
254,Camperdown,1
255,Cann River,1
256,Canterbury,3
257,Cape Clear,1
258,Capel Sound,1
259,Cardinia,1
260,Cardross,1
261,Carisbrook,1
262,Carlisle River,1
263,Carlton,2
264,Carlton North,2
265,Carnegie,1
266,Caroline Springs,4
267,Carrum,1
268,Carrum Downs,3
269,Casterton,2
270,Castlemaine,4
271,Caulfield East,1
272,Caulfield North,2
273,Caulfield South,2
274,Cavendish,1
275,Ceres,1
276,Charlton,1
277,Chelsea,1
278,Chelsea Heights,1
279,Cheltenham,5
280,Chewton,1
281,Chiltern,1
282,Chirnside Park,1
283,Christmas Hills,1
284,Chum Creek,1
285,Churchill,2
286,Clarinda,1
287,Clayton,3
288,Clayton South,3
289,Clifton Creek,1
290,Clifton Hill,2
291,Clifton Springs,1
292,Clunes,1
293,Clyde,3
294,Clyde North,3
295,Cobains,1
296,Cobden,3
297,Cobram,3
298,Coburg,6
299,Cockatoo,1
300,Cohuna,2
301,Coimadai,1
302,Colac,5
303,Colbinabbin,1
304,Coldstream,1
305,Coleraine,1
306,Collingwood,2
307,Congupna,1
308,Coolaroo,1
309,Corinella,1
310,Corio,1
311,Corryong,1
312,Cowes,1
313,Cowwarr,1
314,Craigieburn,9
315,Cranbourne,7
316,Cranbourne East,4
317,Cranbourne North,3
318,Cranbourne South,1
319,Cranbourne West,2
320,Creswick,2
321,Crib Point,1
322,Croydon,7
323,Croydon Hills,1
324,Croydon South,1
325,Cudgee,1
326,DALLAS,2
327,DANDENONG,2
328,DANDENONG NORTH,2
329,DAYLESFORD,2
330,DEEPDENE,1
331,DEER PARK,1
332,DELACOMBE,1
333,DENNINGTON,1
334,DERRIMUT,1
335,DIAMOND CREEK,1
336,DIMBOOLA,1
337,DINGLEY,1
338,DONALD,1
339,DONCASTER,1
340,DONCASTER EAST,1
341,DONVALE,3
342,DOREEN,2
343,DOVETON,1
344,DROUIN,2
345,DRYSDALE,2
346,DUNNSTOWN,1
347,Dallas,1
348,Dalyston,1
349,Dandenong,7
350,Dandenong North,3
351,Darley,1
352,Darnum,1
353,Darraweit Guim,1
354,Dartmoor,1
355,Daylesford,2
356,Deans Marsh,1
357,Deanside,1
358,Dederang,1
359,Deepdene,1
360,Deer Park,2
361,Delacombe,1
362,Delahey,2
363,Derrimut,1
364,Derrinallum,1
365,Devenish,1
366,Devon Meadows,1
367,Dhurringile,1
368,Diamond Creek,3
369,Diggers Rest,1
370,Dimboola,2
371,Dingee,1
372,Dingley Village,2
373,Dinner Plain,1
374,Docklands,1
375,Don Valley,1
376,Donald,2
377,Doncaster,3
378,Doncaster East,5
379,Donvale,2
380,Dookie,1
381,Dookie Campus,1
382,Doreen,4
383,Doveton,1
384,Dromana,3
385,Drouin,2
386,Drouin South,1
387,Drouin West,1
388,Drysdale,2
389,Dunkeld,1
390,Dunolly,1
391,EAGLEHAWK,1
392,EAST PRESTON,1
393,ECHUCA,3
394,EDENHOPE,1
395,ELIMINYT,1
396,ELMORE,1
397,ELSTERNWICK,4
398,ELTHAM,2
399,ELTHAM NORTH,1
400,ELWOOD,2
401,EMERALD,1
402,ENDEAVOUR HILLS,3
403,EPPING,3
404,EPPING NORTH,1
405,ESSENDON,5
406,EUROA,1
407,Eagle Point,1
408,Eaglehawk,3
409,East Bentleigh,1
410,East Geelong,1
411,East Preston,1
412,Eastwood,1
413,Echuca,5
414,Edenhope,1
415,Edi Upper,1
416,Edithvale,1
417,Eildon,1
418,Elliminyt,1
419,Ellinbank,1
420,Elmore,1
421,Elphinstone,1
422,Eltham,3
423,Eltham North,3
424,Elwood,2
425,Emerald,2
426,Endeavour Hills,7
427,Epping,6
428,Epsom,1
429,Eskdale,1
430,Essendon,3
431,Essendon North,1
432,Euroa,2
433,Everton,1
434,Exford,1
435,Eynesbury,1
436,FAWKNER,1
437,FAWKNER NORTH,2
438,FERNTREE GULLY,4
439,FITZROY,2
440,FITZROY NORTH,1
441,FLEMINGTON,1
442,FOOTSCRAY,2
443,FRANKSTON,3
444,FRANKSTON EAST,1
445,FRANKSTON SOUTH,1
446,FRESHWATER CREEK,1
447,Fairfield,1
448,Falls Creek,1
449,Fawkner,3
450,Ferntree Gully,6
451,Ferny Creek,1
452,Fish Creek,1
453,Fitzroy,1
454,Fitzroy North,3
455,Flemington,3
456,Flowerdale,1
457,Footscray,4
458,Forest Hill,1
459,Forrest,1
460,Foster,2
461,Frankston,12
462,Frankston North,3
463,Frankston South,2
464,Fraser Rise,1
465,French Island,1
466,GEELONG,2
467,GEELONG EAST,1
468,GEELONG WEST,1
469,GISBORNE,1
470,GLADSTONE PARK,1
471,GLEN HUNTLY,1
472,GLEN IRIS,4
473,GLEN WAVERLEY,3
474,GLENROY,2
475,GORDON,1
476,GREENSBOROUGH,1
477,GREENSBOROUGH NORTH,1
478,GREENVALE,2
479,GREENVALE LAKES,1
480,GROVEDALE,1
481,Garfield,1
482,Geelong,1
483,Geelong East,2
484,Geelong West,1
485,Gembrook,1
486,Girgarre,1
487,Gisborne,3
488,Gladstone Park,3
489,Gladysdale,1
490,Glen Huntly,1
491,Glen Iris,2
492,Glen Park,1
493,Glen Waverley,10
494,Glengarry,1
495,Glenrowan,1
496,Glenroy,5
497,Golden Square,2
498,Goornong,1
499,Gordon,1
500,Gormandale,1
501,Goroke,1
502,Grahamvale,1
503,Grasmere,1
504,Great Western,1
505,Greensborough,6
506,Greenvale,3
507,Greta South,1
508,Grovedale,4
509,Gruyere,1
510,Gunbower,1
511,HADFIELD,1
512,HAMILTON,4
513,HAMPTON,2
514,HAMPTON PARK,1
515,HASTINGS,1
516,HAWTHORN,4
517,HAWTHORN EAST,3
518,HEALESVILLE,2
519,HEATHCOTE,1
520,HEIDELBERG,2
521,HEIDELBERG WEST,1
522,HERNE HILL,1
523,HEYFIELD,1
524,HIGHETT,1
525,HIGHTON,1
526,HILLSIDE,1
527,HOPETOUN,1
528,HOPPERS CROSSING,1
529,HOPPERS CROSSING NORTH,1
530,HORSHAM,3
531,HUGHESDALE,1
532,Haddon,1
533,Hallam,2
534,Halls Gap,1
535,Hamilton,5
536,Hamlyn Heights,4
537,Hampton,1
538,Hampton East,1
539,Hampton Park,5
540,Harcourt,1
541,Harkaway,1
542,Harkness,1
543,Harrietville,1
544,Hastings,3
545,Hawkesdale,1
546,Hawthorn,3
547,Hawthorn East,3
548,Hazelwood North,1
549,Healesville,3
550,Heathcote,1
551,Heathmont,4
552,Heidelberg,2
553,Hepburn,1
554,Hesket,1
555,Heyfield,1
556,Heywood,2
557,Highton,3
558,Hillside,1
559,Hoddles Creek,1
560,Hopetoun,1
561,Hoppers Crossing,8
562,Horsham,4
563,Hughesdale,1
564,Huntly,1
565,Hurstbridge,1
566,INGLEWOOD,1
567,IRYMPLE,2
568,IVANHOE,3
569,IVANHOE WEST,1
570,Indigo Valley,1
571,Inglewood,1
572,Inverleigh,1
573,Inverloch,1
574,Invermay,1
575,Irymple,3
576,Ivanhoe,1
577,Ivanhoe East,1
578,Jacana,1
579,Jamieson,1
580,Jeparit,1
581,Jindivick,1
582,KANGAROO FLAT,1
583,KEALBA,1
584,KEILOR,2
585,KEILOR DOWNS,1
586,KEILOR EAST,2
587,KEILOR NORTH,1
588,KENNINGTON,1
589,KENSINGTON,1
590,KERANG,2
591,KEW,10
592,KEW EAST,1
593,KEYSBOROUGH,5
594,KIALLA,1
595,KILMORE,3
596,KILSYTH,2
597,KINGS PARK,2
598,KINGSBURY,1
599,KINGSVILLE,1
600,KOO WEE RUP,1
601,KOONWARRA,1
602,KOROIT,1
603,KORUMBURRA,1
604,KYABRAM,1
605,KYNETON,2
606,Kalkallo,1
607,Kallista,1
608,Kangaroo Flat,3
609,Kangaroo Ground,1
610,Kaniva,1
611,Katamatite,1
612,Katandra West,1
613,Katunga,1
614,Keilor,1
615,Keilor Downs,3
616,Keilor East,2
617,Kennington,1
618,Kensington,2
619,Kerang,3
620,Kew,1
621,Kew East,2
622,Keysborough,2
623,Kialla,1
624,Kialla West,1
625,Kilmore,1
626,Kilsyth,2
627,Kinglake,1
628,Kinglake Central,1
629,Kinglake West,1
630,Kingsbury,1
631,Knoxfield,3
632,Kongwak,1
633,Koo Wee Rup,2
634,Koondrook,1
635,Koorlong,1
636,Koroit,1
637,Korumburra,2
638,Kurunjang,1
639,Kyabram,1
640,Kyneton,2
641,LAKES ENTRANCE,1
642,LALOR,1
643,LALOR WEST,1
644,LANCEFIELD,1
645,LANGWARRIN,1
646,LANGWARRIN SOUTH,2
647,LARA,1
648,LAVERTON,1
649,LENEVA,1
650,LEONGATHA,2
651,LILYDALE,4
652,LOVELY BANKS,1
653,LUCAS,1
654,LYNBROOK,1
655,Labertouche,1
656,Laharum,1
657,Lake Boga,1
658,Lake Bolac,1
659,Lake Charm,1
660,Lake Gardens,1
661,Lake Tyers Beach,1
662,Lake Wendouree,1
663,Lakes Entrance,2
664,Lal Lal,1
665,Lalor,6
666,Lancaster,1
667,Lancefield,1
668,Landsborough,1
669,Lang Lang,1
670,Langley,1
671,Langwarrin,4
672,Lara,2
673,Lara Lake,1
674,Lardner,1
675,Launching Place,1
676,Lavers Hill,1
677,Laverton,3
678,Leitchville,1
679,Lemnos,1
680,Leongatha,3
681,Leopold,1
682,Lethbridge,1
683,Lilydale,4
684,Lindenow,1
685,Lindenow South,1
686,Linton,1
687,Lismore,1
688,Little River,1
689,Loch,1
690,Loch Sport,1
691,Lockington,1
692,Lockwood,1
693,Lockwood South,1
694,Londrigan,1
695,Longford,1
696,Longwarry,1
697,Longwood,1
698,Lorne,1
699,Lower Plenty,1
700,Lower Templestowe,1
701,Lucas,1
702,Lynbrook,1
703,Lyndhurst,1
704,Lysterfield,1
705,MACEDON,1
706,MAFFRA,1
707,MAIDEN GULLY,1
708,MALVERN,2
709,MALVERN EAST,2
710,MANIFOLD HEIGHTS,1
711,MANOR LAKES,1
712,MANSFIELD,3
713,MARIBYRNONG,1
714,MARYBOROUGH,2
715,MELBOURNE,6
716,MELTON,4
717,MELTON SOUTH,3
718,MELTON WEST,2
719,MENTONE,5
720,MERBEIN,1
721,MERNDA,1
722,MICKLEHAM,2
723,MILDURA,4
724,MILL PARK,1
725,MITCHAM,1
726,MOE,1
727,MONBULK,2
728,MONTMORENCY,1
729,MOONEE PONDS,1
730,MOORABBIN,1
731,MOOROOLBARK,3
732,MOOROOPNA,1
733,MORDIALLOC,1
734,MORELAND,1
735,MORNINGTON,2
736,MORTLAKE,1
737,MORWELL,1
738,MORWELL EAST,1
739,MOUNT CLEAR,2
740,MOUNT ELIZA,1
741,MOUNT EVELYN,2
742,MOUNT WAVERLEY,2
743,MT ELIZA,2
744,MT HELEN,1
745,MT MARTHA,1
746,MT RIDLEY,1
747,MT WAVERLEY,1
748,MUCKLEFORD,1
749,MULGRAVE,2
750,MURRUMBEENA,1
751,MURTOA,1
752,MYRTLEFORD,2
753,Macarthur,1
754,Macclesfield,1
755,Macedon,1
756,Macleod,1
757,Macleod West,1
758,Maffra,2
759,Magpie,1
760,Maiden Gully,1
761,Maldon,1
762,Mallacoota,1
763,Malmsbury,1
764,Malvern,1
765,Malvern East,3
766,Manangatang,1
767,Manifold Heights,1
768,Mansfield,2
769,Maribyrnong,1
770,Marlo,1
771,Marnoo,1
772,Marong,1
773,Maroona,1
774,Maryborough,1
775,Marysville,1
776,Mckinnon,1
777,Meadow Heights,2
778,Meeniyan,1
779,Melbourne,2
780,Melton,4
781,Melton South,3
782,Melton West,2
783,Mentone,3
784,Menzies Creek,1
785,Merbein,1
786,Meredith,1
787,Merino,1
788,Mernda,3
789,Merrigum,1
790,Merrijig,1
791,Metung,1
792,Mickleham,2
793,Middle Park,1
794,Milawa,1
795,Mildura,6
796,Mildura South,1
797,Mill Park,5
798,Millgrove,1
799,Miners Rest,1
800,Minyip,1
801,Mirboo North,2
802,Mitcham,4
803,Mitta Mitta,1
804,Moe,4
805,Monbulk,2
806,Mont Albert,1
807,Mont Albert North,2
808,Montmorency,3
809,Montrose,2
810,Moolap,1
811,Moonambel,1
812,Moonee Ponds,2
813,Moorabbin,4
814,Moorooduc,1
815,Mooroolbark,7
816,Mooroopna,3
817,Mordialloc,3
818,Moriac,1
819,Mornington,5
820,Mortlake,1
821,Morwell,3
822,Mount Beauty,2
823,Mount Clear,2
824,Mount Dandenong,1
825,Mount Duneed,2
826,Mount Egerton,1
827,Mount Eliza,4
828,Mount Evelyn,3
829,Mount Macedon,1
830,Mount Martha,2
831,Mount Waverley,7
832,Moyhu,1
833,Moyston,1
834,Mulgrave,3
835,Murchison,1
836,Murrabit,1
837,Murrayville,1
838,Murrumbeena,1
839,Murtoa,1
840,Myrniong,1
841,Myrrhee,1
842,Myrtleford,1
843,NAGAMBIE,1
844,NAR NAR GOON,1
845,NARRE WARREN,2
846,NARRE WARREN NORTH,4
847,NARRE WARREN SOUTH,2
848,NATHALIA,2
849,NEW GISBORNE,2
850,NEWBOROUGH,1
851,NEWCOMB,1
852,NEWPORT,2
853,NEWTOWN,4
854,NHILL,2
855,NIDDRIE,1
856,NOBLE PARK,1
857,NOBLE PARK NORTH,1
858,NORLANE,1
859,NORTH FITZROY,1
860,NORTH MELBOURNE,4
861,NORTHCOTE,2
862,NUMURKAH,1
863,NUNAWADING,2
864,Nagambie,1
865,Nambrok,1
866,Nangiloc,1
867,Nanneella,1
868,Napoleons,1
869,Nar Nar Goon,1
870,Narracan,1
871,Narrawong,1
872,Narre  Warren  North,1
873,Narre Warren,6
874,Narre Warren South,3
875,Nathalia,2
876,Natimuk,1
877,Natte Yallock,1
878,Navarre,1
879,Neerim South,2
880,Nerrina,1
881,New Gisborne,1
882,Newborough,3
883,Newcomb,2
884,Newham,1
885,Newhaven,1
886,Newlyn,1
887,Newmerella,1
888,Newport,2
889,Newstead,1
890,Newtown,3
891,Nhill,1
892,Nichols Point,1
893,Nicholson,1
894,Niddrie,3
895,Nilma,1
896,Noble Park,7
897,Noble Park North,1
898,Noorat,1
899,North Geelong,1
900,North Melbourne,1
901,Northcote,4
902,Nullawarre,1
903,Nullawil,1
904,Numurkah,2
905,Nunawading,1
906,Nungurner,1
907,Nyah West,1
908,Nyora,1
909,OAK PARK,1
910,OAKLEIGH,2
911,OAKLEIGH EAST,1
912,OCEAN GROVE,1
913,OFFICER,2
914,ORBOST,1
915,ORMOND,2
916,Oak Park,1
917,Oakleigh,1
918,Oakleigh East,1
919,Oakleigh South,3
920,Ocean Grove,2
921,Officer,5
922,Olinda,1
923,Omeo,1
924,Orbost,3
925,Ormond,3
926,Orrvale,1
927,Osbornes Flat,1
928,Ouyen,1
929,Oxley,1
930,PAKENHAM,3
931,PARK ORCHARDS,1
932,PARKDALE EAST,1
933,PASCOE VALE,1
934,PASCOE VALE SOUTH,1
935,PENSHURST,1
936,POINT COOK,3
937,PORT FAIRY,1
938,PORTLAND,3
939,PRAHRAN EAST,1
940,PRESTON,2
941,PRESTON EAST,1
942,PRESTON WEST,1
943,PYRAMID HILL,1
944,Pakenham,8
945,Panmure,1
946,Panton Hill,1
947,Park Orchards,1
948,Parkdale,2
949,Parkville,3
950,Pascoe Vale,4
951,Pascoe Vale South,1
952,Patterson Lakes,1
953,Paynesville,1
954,Pearcedale,1
955,Penshurst,1
956,Point Cook,7
957,Point Lonsdale,1
958,Pomonal,1
959,Poowong,1
960,Porepunkah,1
961,Port Fairy,1
962,Port Melbourne,3
963,Portarlington,1
964,Portland,5
965,Portland North,1
966,Preston,8
967,Princes Hill,1
968,Puckapunyal,1
969,Pyalong,1
970,Pyramid Hill,1
971,QUARRY HILL,1
972,QUEENSCLIFF,1
973,Quarry Hill,1
974,Queenscliff,1
975,RED CLIFFS,1
976,REDAN,1
977,RESEARCH,1
978,RESERVOIR,3
979,RESERVOIR EAST,1
980,RESERVOIR NORTH,1
981,RHYLL,1
982,RICHMOND,3
983,RINGWOOD,3
984,RINGWOOD EAST,1
985,RINGWOOD NORTH,1
986,ROBINVALE,1
987,ROCHESTER,1
988,ROSANNA,1
989,ROSEBUD,2
990,ROWVILLE,1
991,ROXBURGH PARK,1
992,RUSHWORTH,1
993,RUTHERGLEN,1
994,RYANSTON,1
995,Rainbow,1
996,Rawson,1
997,Raywood,1
998,Red Cliffs,3
999,Red Hill,1
1000,Redesdale,1
1001,Research,1
1002,Reservoir,8
1003,Richmond,6
1004,Riddells Creek,1
1005,Ringwood,4
1006,Ringwood East,2
1007,Ringwood North,2
1008,Ripplebrook,1
1009,Robinvale,1
1010,Rochester,2
1011,Rockbank,1
1012,Rokewood,1
1013,Romsey,1
1014,Rosanna,3
1015,Rosebud,2
1016,Rosedale,1
1017,Rowville,5
1018,Roxburgh Park,4
1019,Rupanyup,1
1020,Rushworth,1
1021,Rutherglen,2
1022,Rye,1
1023,SALE,4
1024,SANDRINGHAM,1
1025,SCORESBY,1
1026,SEA LAKE,1
1027,SEAFORD,1
1028,SEBASTOPOL,2
1029,SEYMOUR,1
1030,SHEPPARTON,5
1031,SHEPPARTON NORTH,1
1032,SHEPPARTON SOUTH,1
1033,SOMERVILLE,1
1034,SORRENTO,1
1035,SOUTH MELBOURNE,2
1036,SOUTH MORANG,2
1037,SOUTH YARRA,3
1038,SPOTSWOOD,1
1039,SPRINGVALE,3
1040,SPRINGVALE SOUTH,1
1041,ST ALBANS,2
1042,ST ALBANS SOUTH,1
1043,ST ARNAUD,1
1044,ST HELENA,1
1045,ST KILDA,2
1046,ST KILDA EAST,5
1047,STAWELL,1
1048,STRATFORD,1
1049,STRATHDALE,1
1050,STRATHFIELDSAYE,1
1051,STRATHMORE,1
1052,SUNBURY,5
1053,SUNSHINE,1
1054,SUNSHINE NORTH,2
1055,SUNSHINE SOUTH WEST,1
1056,SUNSHINE WEST,2
1057,SURREY HILLS,2
1058,SWAN HILL,3
1059,SYDENHAM,2
1060,Sale,5
1061,San Remo,1
1062,Sandringham,3
1063,Sandy Creek,1
1064,Sassafras,2
1065,Scoresby,2
1066,Sea Lake,1
1067,Seabrook,1
1068,Seaford,7
1069,Seaholme,1
1070,Seaspray,1
1071,Sebastopol,2
1072,Selby,1
1073,Seville,1
1074,Seymour,1
1075,Shelford,1
1076,Shepparton,7
1077,Shepparton East,1
1078,Silvan,1
1079,Simpson,1
1080,Skipton,1
1081,Skye,1
1082,Smythesdale,1
1083,Soldiers Hill,1
1084,Somers,2
1085,Somerville,3
1086,Sorrento,1
1087,South Geelong,1
1088,South Melbourne,1
1089,South Morang,2
1090,South Yarra,3
1091,Southbank,2
1092,Spotswood,1
1093,Springhurst,1
1094,Springvale,4
1095,Springvale South,3
1096,St Albans,10
1097,St Andrews,1
1098,St Arnaud,2
1099,St Kilda,2
1100,St Kilda East,1
1101,St Leonards,1
1102,Stanhope,1
1103,Stawell,4
1104,Stratford,1
1105,Strathewen,1
1106,Strathfieldsaye,1
1107,Strathmerton,1
1108,Strathmore,3
1109,Strathtulloh,1
1110,Sunbury,9
1111,Sunshine,4
1112,Sunshine North,3
1113,Sunshine West,3
1114,Surrey Hills,2
1115,Swan Hill,4
1116,Swan Reach,1
1117,Swifts Creek,1
1118,Sydenham,1
1119,TALLANGATTA,1
1120,TARNEIT,5
1121,TARRINGTON,1
1122,TATURA,1
1123,TAYLORS HILL,1
1124,TEMPLESTOWE,1
1125,TEMPLESTOWE LOWER,1
1126,TERANG,1
1127,THE BASIN,1
1128,THOMASTOWN EAST,1
1129,THOMASTOWN WEST,1
1130,THORNBURY,1
1131,THORNBURY EAST,1
1132,TONGALA,1
1133,TOORAK,3
1134,TORQUAY,1
1135,TORQUAY NORTH,1
1136,TRAFALGAR,1
1137,TRARALGON,2
1138,TRARALGON WEST,1
1139,TRAVANCORE,1
1140,TRUGANINA,2
1141,TRUGANINA SOUTH,1
1142,TYABB,1
1143,TYNONG,1
1144,Talbot,1
1145,Talgarno,1
1146,Tallangatta,2
1147,Tallarook,1
1148,Tallygaroopna,1
1149,Tambo Upper,1
1150,Tangambalanga,1
1151,Tanjil South,1
1152,Taradale,1
1153,Tarnagulla,1
1154,Tarneit,4
1155,Tarwin Lower,1
1156,Tatura,2
1157,Tawonga,1
1158,Taylors Hill,1
1159,Taylors Lakes,2
1160,Tecoma,1
1161,Teesdale,1
1162,Templestowe,2
1163,Templestowe Lower,2
1164,Tempy,1
1165,Terang,1
1166,The Basin,1
1167,The Patch,1
1168,Thomastown,6
1169,Thornbury,6
1170,Thornton,1
1171,Thorpdale,1
1172,Timboon,1
1173,Timor,1
1174,Tongala,1
1175,Tooborac,1
1176,Toolamba,1
1177,Toolangi,1
1178,Toolern Vale,1
1179,Toongabbie,1
1180,Toora,1
1181,Tooradin,1
1182,Toorak,1
1183,Tootgarook,1
1184,Torquay,3
1185,Trafalgar,2
1186,Traralgon,6
1187,Traralgon South,1
1188,Trawalla,1
1189,Trentham,1
1190,Truganina,4
1191,Tullamarine,1
1192,Tungamah,1
1193,Tyabb,2
1194,Tyers,1
1195,Tylden,1
1196,Ultima,1
1197,Undera,1
1198,Underbool,1
1199,Upper Ferntree Gully,1
1200,Upper Plenty,1
1201,Upwey,3
1202,VENTNOR,1
1203,VERMONT,2
1204,VERMONT SOUTH,2
1205,Vermont,2
1206,Vermont South,3
1207,Viewbank,2
1208,Violet Town,1
1209,WALLAN EAST,1
1210,WANGARATTA,6
1211,WANTIRNA,1
1212,WANTIRNA SOUTH,5
1213,WARRACKNABEAL,1
1214,WARRAGUL,5
1215,WARRANWOOD,1
1216,WARRNAMBOOL,3
1217,WARRNAMBOOL EAST,1
1218,WARRNAMBOOL WEST,1
1219,WATSONIA,1
1220,WEIR VIEWS,1
1221,WENDOUREE,2
1222,WERRIBEE,5
1223,WERRIBEE NORTH,1
1224,WEST MELBOURNE,1
1225,WHEELERS HILL,2
1226,WHITE HILLS,1
1227,WHITTINGTON,1
1228,WHITTLESEA,1
1229,WILLIAMSTOWN,2
1230,WODONGA,4
1231,WODONGA WEST,1
1232,WOLLERT,1
1233,WONTHAGGI,1
1234,WOODEND,2
1235,Waaia,1
1236,Wahgunyah,1
1237,Wallan,2
1238,Wallington,1
1239,Walwa,1
1240,Wandiligong,1
1241,Wandin North,2
1242,Wandong,1
1243,Wangaratta,6
1244,Wantirna,4
1245,Wantirna South,2
1246,Warburton,1
1247,Warracknabeal,3
1248,Warragul,4
1249,Warrandyte,3
1250,Warranwood,1
1251,Warrenheip,1
1252,Warrnambool,7
1253,Watsonia,1
1254,Watsonia North,1
1255,Wattle Glen,1
1256,Waubra,1
1257,Wedderburn,1
1258,Welshpool,1
1259,Wendouree,4
1260,Werribee,9
1261,Werrimull,1
1262,Wesburn,1
1263,West Footscray,1
1264,West Wodonga,2
1265,Westmeadows,1
1266,Wheelers Hill,6
1267,White Hills,1
1268,Whitfield,1
1269,Whittington,1
1270,Whittlesea,2
1271,Whorouly,1
1272,Willaura,1
1273,Williamstown,4
1274,Willow Grove,1
1275,Willowmavin,1
1276,Winchelsea,1
1277,Windsor,2
1278,Winton,1
1279,Wodonga,5
1280,Wollert,3
1281,Wonga Park,1
1282,Wonthaggi,4
1283,Woodend,1
1284,Woodford,1
1285,Woodside,1
1286,Woolsthorpe,1
1287,Wooragee,1
1288,Woori Yallock,1
1289,Woorinen South,1
1290,Wunghnu,1
1291,Wurruk,1
1292,Wycheproof,1
1293,Wyndham Vale,4
1294,YARRA JUNCTION,2
1295,YARRAM,1
1296,YARRAVILLE,1
1297,YARRAWONGA,2
1298,YEA,1
1299,Yackandandah,1
1300,Yallambie,1
1301,Yallourn North,1
1302,Yandoit,1
1303,Yarra Glen,1
1304,Yarra Junction,2
1305,Yarragon,1
1306,Yarram,2
1307,Yarrambat,1
1308,Yarraville,4
1309,Yarrawonga,1
1310,Yea,2
1311,Yering,1
1312,Yinnar,1
1313,Yinnar South,1
1314,Zeerust,1
